Site,Haplotype,Value
Bank's Peninsula,1,0.392857143
Bank's Peninsula,2,0.392857143
Bank's Peninsula,3,0.035714286
Bank's Peninsula,4,0.035714286
Bank's Peninsula,5,0.035714286
Bank's Peninsula,6,0.035714286
Bank's Peninsula,8,0.071428571
Cape Palliser,1,0.266666667
Cape Palliser,2,0.266666667
Cape Palliser,3,0.2
Cape Palliser,4,0.133333333
Cape Palliser,5,0.066666667
Cape Palliser,6,0.066666667
Kaikoura,1,0.372093023
Kaikoura,2,0.209302326
Kaikoura,3,0.11627907
Kaikoura,4,0.069767442
Kaikoura,5,0.046511628
Kaikoura,6,0.023255814
Kaikoura,7,0.023255814
Kaikoura,8,0.023255814
Kaikoura,9,0.023255814
Kaikoura,10,0.023255814
Kaikoura,11,0.023255814
Kaikoura,12,0.023255814
Kaikoura,13,0.023255814
Nugget Point,1,0.107142857
Nugget Point,2,0.607142857
Nugget Point,3,0.035714286
Nugget Point,4,0.035714286
Nugget Point,5,0.071428571
Nugget Point,6,0.035714286
Nugget Point,7,0.035714286
Nugget Point,8,0.035714286
Nugget Point,9,0.035714286